CREATE DATABASE  IF NOT EXISTS `moviedb` /*!40100 DEFAULT CHARACTER SET latin1 */;
USE `moviedb`;
-- MySQL dump 10.13  Distrib 5.7.17, for Win64 (x86_64)
--
-- Host: 127.0.0.1    Database: moviedb
-- ------------------------------------------------------
-- Server version	5.5.5-10.1.33-MariaDB

/*!40101 SET @OLD_CHARACTER_SET_CLIENT=@@CHARACTER_SET_CLIENT */;
/*!40101 SET @OLD_CHARACTER_SET_RESULTS=@@CHARACTER_SET_RESULTS */;
/*!40101 SET @OLD_COLLATION_CONNECTION=@@COLLATION_CONNECTION */;
/*!40101 SET NAMES utf8 */;
/*!40103 SET @OLD_TIME_ZONE=@@TIME_ZONE */;
/*!40103 SET TIME_ZONE='+00:00' */;
/*!40014 SET @OLD_UNIQUE_CHECKS=@@UNIQUE_CHECKS, UNIQUE_CHECKS=0 */;
/*!40014 SET @OLD_FOREIGN_KEY_CHECKS=@@FOREIGN_KEY_CHECKS, FOREIGN_KEY_CHECKS=0 */;
/*!40101 SET @OLD_SQL_MODE=@@SQL_MODE, SQL_MODE='NO_AUTO_VALUE_ON_ZERO' */;
/*!40111 SET @OLD_SQL_NOTES=@@SQL_NOTES, SQL_NOTES=0 */;

--
-- Table structure for table `cast`
--

DROP TABLE IF EXISTS `cast`;
/*!40101 SET @saved_cs_client     = @@character_set_client */;
/*!40101 SET character_set_client = utf8 */;
CREATE TABLE `cast` (
  `movie_id` varchar(45) NOT NULL,
  `actor_name` varchar(45) NOT NULL,
  `character_name` varchar(45) DEFAULT NULL,
  PRIMARY KEY (`movie_id`,`actor_name`),
  KEY `cast_movie_id_idx` (`movie_id`),
  CONSTRAINT `cast_movie_id` FOREIGN KEY (`movie_id`) REFERENCES `movie` (`movie_id`) ON DELETE NO ACTION ON UPDATE NO ACTION
) ENGINE=InnoDB DEFAULT CHARSET=latin1;
/*!40101 SET character_set_client = @saved_cs_client */;

--
-- Dumping data for table `cast`
--

LOCK TABLES `cast` WRITE;
/*!40000 ALTER TABLE `cast` DISABLE KEYS */;
INSERT INTO `cast` VALUES ('001','Amy Adams','Lois Lane'),('001','Antje Traue','Faora-Ul'),('001','Diane Lane','Martha Kent'),('001','Harry Lennix','General Swanwick'),('001','Henry Cavill ','Clark Kent / Kal-El'),('001','Michael Shannon','General Zod'),('001','Russell Crowe','Jor-El'),('002','Andrew Garfield','Sam'),('002','Chris Gann','Jefferson Sevence'),('002','Deborah Geffner','Mom'),('002','Jeannine Cota','Botox Reporter'),('002','Riki Lindhome','Actress'),('002','Riley Keough','Sarah'),('002','Wendy Vanden Heuvel',' Bird Woman'),('003','	Laurence Fishburne','DEA Special Agent'),('003','Alison Eastwood','Iris'),('003','Andy Garcia','Pedestrian'),('003','Bradley Cooper','	Colin Bates'),('003','Clint Eastwood','Earl Stone'),('003','Dianne Wiest','Mary'),('003','Jill Flint','Pam'),('003','Manny Montana','	Axl'),('003','Michael Pena','	Enforcer'),('003','Noel Gugliemi','Bald Rob'),('003','Taissa Farmiga','Ginny'),('004','Brad Garrett','Hook Hand Thug (voice)'),('004','Donna Murphy','Mother Gothel (voice)'),('004','Jeffrey Tambor','Big Nose Thug (voice)'),('004','M.C. Gainey','Captain of the Guard (voice)'),('004','Mandy Moore','Rapunzel (voice)'),('004','Paul F. Tompkins','Short Thug (voice)'),('004','Richard Kiel','Vlad (voice)'),('004','Ron Perlman','Stabbington Brother (voice)'),('004','Zachary Levi','Flynn Rider (voice)'),('006','Ben Kingsley','Itzhak Stern'),('006','Caroline Goodall','Emilie Schindler'),('006','Embeth Davidtz','Helen Hirsch'),('006','Jonathan Sagall','Poldek Pfefferberg'),('006','Liam Neeson','Oskar Schindler'),('006','Malgorzata Gebel','Wiktoria Klonowska '),('006','Mark Ivanir','Marcel Goldberg'),('006','Ralph Fiennes','Amon Goeth'),('006','Shmuel Levy','	Wilek Chilowicz'),('007','Al Lettieri','Sollozzo'),('007','Al Pacino','Michael Corleone'),('007','James Caan','Sonny Corleone'),('007','John Marley','Jack Woltz'),('007','Marlon Brando','Don Vito Corleone'),('007','Richard Conte','Barzini'),('007','Richard S. Castellano','Clemenza'),('007','Robert Duvall','Tom Hagen'),('007','Sterling Hayden','Capt. McCluskey'),('008','Aaron Eckhart','Harvey Dent'),('008','Christian Bale','Bruce Wayne'),('008','Gary Oldman','Gordon'),('008','Heath Ledger','Joker'),('008','Maggie Gyllenhaal','Rachel'),('008','Michael Caine','Alfred'),('008','Monique Gabriela Curnen','Ramirez'),('008','Morgan Freeman','Lucius Fox'),('008','Ron Dean','Wuertz'),('009','Algee Smith','Khalil'),('009','Amandla Stenberg','Starr Carter'),('009','Anthony Mackie','King'),('009','Common','Carlos'),('009','Issa Rae','April Ofrah'),('009','Regina Hall','Lisa Carter'),('009','Russell Hornsby','Maverick \'Mav\' Carter'),('009','Sabrina Carpenter','Hailey'),('010','Bryce Cass','Tyler'),('010','Caleel Harris','Sam'),('010','Chris Parnell','Walter'),('010','Jeremy Ray Taylor','Sonny'),('010','Ken Jeong','Mr. Chu'),('010','Madison Iseman','Sarah'),('010','Peyton Wich','Tommy Madigan'),('010','Wendi McLendon-Covey','Kathy'),('011','Allison Tolman','Girl Mayfield Saloon'),('011','Carol Kane','	Mrs. Sisters'),('011','Jake Gyllenhaal','John Morris'),('011','Joaquin Phoenix','Charlie Sisters'),('011','John C. Reilly','Eli Sisters'),('011','Rebecca Root','Mayfield'),('011','Riz Ahmed','Hermann Kermit Warm'),('011','Rutger Hauer','The Commodore'),('012','Benedict Cumberbatch','	Doctor Strange'),('012','Chadwick Boseman','T\'Challa / Black Panther'),('012','Chris Evans','Steve Rogers / Captain America'),('012','Chris Hemsworth','	Thor'),('012','Don Cheadle','	James Rhodes / War Machine'),('012','Mark Ruffalo','Bruce Banner / Hulk'),('012','Robert Downey Jr.','Tony Stark / Iron Man'),('012','Scarlett Johansson','Natasha Romanoff / Black Widow'),('012','Tom Holland','Peter Parker / Spider-Man'),('012','Zoe Saldana','Gamora'),('013','	Dolph Lundgren','King Nereus'),('013','	Jason Momoa','Arthur Curry / Aquaman'),('013','Amber Heard','Mera'),('013','Djimon Hounsou','The Fisherman King'),('013','Leigh Whannell','	Pilot'),('013','Nicole Kidman','Queen Atlanna'),('013','Patrick Wilson','Orm / Ocean Master'),('013','Temuera Morrison','Thomas Curry'),('013','Willem Dafoe','Nuidis Vulko'),('014','	Sandra Teles','Sister Ruth'),('014','August Maturo','	Daniel'),('014','Bonnie Aarons','The Nun'),('014','Charlotte Hope','Sister Victoria'),('014','Demian Bichir','Father Burke'),('014','Ingrid Bisu','	Sister Oana'),('014','Jack Falk','	Daniel'),('014','Jonas Bloquet','Frenchie'),('014','Lynnette Gaza','Mother Superior'),('014','Taissa Farmiga','Sister Irene'),('015','Alicia Silverstone','Batgirl / Barbara Wilson'),('015','Arnold Schwarzenegger','Mr. Freeze / Dr. Victor Fries'),('015','Chris O\'Donnell','Robin / Dick Grayson'),('015','George Clooney','Batman / Bruce Wayne'),('015','John Glover','Dr. Jason Woodrue'),('015','Michael Gough','Alfred Pennyworth'),('015','Pat Hingle','Commissioner James Gordon'),('015','Uma Thurman','Poison Ivy / Dr. Pamela Isley'),('016','	Veronica Cartwright','Lambert'),('016','	Yaphet Kotto','Parker'),('016','Bolaji Badejo','	Alien'),('016','Harry Dean Stanton','Brett'),('016','Helen Horton','	Mother (voice)'),('016','Ian Holm','Ash'),('016','John Hurt','	Kane'),('016','Sigourney Weaver','	Ripley'),('016','Tom Skerritt','Dallas'),('017','	Natalia Tena','Nymphadora Tonks'),('017','Brendan Gleeson','Alastor \'Mad-Eye\' Moody'),('017','Daniel Radcliffe','	Harry Potter'),('017','Emma Watson','Hermione Granger'),('017','Imelda Staunton','Dolores Umbridge'),('017','Maggie Smith','Minerva McGonagall'),('017','Michael Gambon','Albus Dumbledore'),('017','Ralph Fiennes','Lord Voldemort'),('017','Robert Pattinson','	Cedric Diggory (archive footage)'),('017','Rupert Grint','Ron Weasley'),('017','Tom Felton','Draco Malfoy'),('018','	Donald Sumpter','	Detective Morell'),('018','	Geraldine James','	Cecilia'),('018','Christopher Plummer','Henrik Vanger'),('018','Daniel Craig','Mikael Blomkvist'),('018','Goran Visnjic','	Armansky'),('018','Joely Richardson','	Anita Vanger'),('018','Robin Wright','Erika Berger'),('018','Rooney Mara','	Lisbeth Salander'),('018','Stellan Skarsgard','Martin Vanger'),('018','Steven Berkoff','Frode'),('018','Yorick van Wageningen','	Bjurman');
/*!40000 ALTER TABLE `cast` ENABLE KEYS */;
UNLOCK TABLES;

--
-- Table structure for table `movie`
--

DROP TABLE IF EXISTS `movie`;
/*!40101 SET @saved_cs_client     = @@character_set_client */;
/*!40101 SET character_set_client = utf8 */;
CREATE TABLE `movie` (
  `movie_id` varchar(45) NOT NULL,
  `title` varchar(50) NOT NULL,
  `genre` varchar(50) NOT NULL,
  `content_rating` varchar(5) NOT NULL,
  `runtime` varchar(10) NOT NULL,
  `release_date` date NOT NULL,
  `avg_rating` decimal(3,1) NOT NULL,
  PRIMARY KEY (`movie_id`)
) ENGINE=InnoDB DEFAULT CHARSET=latin1;
/*!40101 SET character_set_client = @saved_cs_client */;

--
-- Dumping data for table `movie`
--

LOCK TABLES `movie` WRITE;
/*!40000 ALTER TABLE `movie` DISABLE KEYS */;
INSERT INTO `movie` VALUES ('001','Man of Steel','Action, Adventure, Fantasy','PG-13','2h 23min','2013-07-10',7.0),('002','Under the Silver Lake ','Comedy , Crime , Drama ','R','2h 19min','2018-12-26',0.0),('003','The Mule','Crime, Drama, Mystery','R','2h (approx','2018-12-25',0.0),('004','Tangled','Animation , Adventure , Comedy','PG','1h 40min','2010-11-24',7.7),('005','The Shawshank Redemption','Drama','R','2h 22min','1994-10-14',9.7),('006','Schindler\'s List ','Biography , Drama , History','R','3h 15min ','1994-02-04',9.3),('007','The Godfather','Crime, Drama','R','2h 55min','1972-03-24',10.0),('008','The Dark Knight','Action , Crime , Drama ','PG-13','2h 32min ','2008-07-18',9.5),('009','The Hate U Give','Crime, Drama','PG-13','2h 13min','2018-10-12',4.5),('010','Goosebumps 2: Haunted Halloween','Adventure , Comedy','PG','1h 30min','2018-10-12',7.0),('011','The Sisters Brothers','Adventure , Comedy , Crime ','R','2h 1min','2018-10-19',6.0),('012','Avengers: Infinity War','Action , Adventure , Fantasy ','PG-12','2h 29min ','2018-04-03',6.4),('013','Aquaman','Action , Adventure , Fantasy ','PG-13','2h (approx','2018-12-23',0.0),('014','The Nun','Horror , Mystery , Thriller','R','1h 36min','2018-10-07',3.5),('015','Batman & Robin','Action , Sci-Fi ','PG-12','2h 5min','1997-06-20',1.5),('016','Alien','Horror , Sci-Fi ','R','1h 56min','1979-06-22',7.5),('017','Harry Potter and the Order of the Phoenix','Adventure, Fantasy','PG-13','2h 18min','2007-07-11',7.7),('018','The Girl with the Dragon Tattoo','Crime , Drama , Mystery ','R','2h 38min','2011-12-21',8.5);
/*!40000 ALTER TABLE `movie` ENABLE KEYS */;
UNLOCK TABLES;

--
-- Table structure for table `movie_meta`
--

DROP TABLE IF EXISTS `movie_meta`;
/*!40101 SET @saved_cs_client     = @@character_set_client */;
/*!40101 SET character_set_client = utf8 */;
CREATE TABLE `movie_meta` (
  `movie_id` varchar(45) NOT NULL,
  `director` varchar(45) NOT NULL,
  `writer` varchar(85) NOT NULL,
  `budget` varchar(15) NOT NULL,
  `title_poster_path` varchar(80) NOT NULL,
  `summary` text,
  PRIMARY KEY (`movie_id`),
  CONSTRAINT `meta_movie_id` FOREIGN KEY (`movie_id`) REFERENCES `movie` (`movie_id`) ON DELETE CASCADE ON UPDATE CASCADE
) ENGINE=InnoDB DEFAULT CHARSET=latin1;
/*!40101 SET character_set_client = @saved_cs_client */;

--
-- Dumping data for table `movie_meta`
--

LOCK TABLES `movie_meta` WRITE;
/*!40000 ALTER TABLE `movie_meta` DISABLE KEYS */;
INSERT INTO `movie_meta` VALUES ('001','Zack Snyder','David S. Goyer, Jerry Siegel','$225,000,000','assets/images/manofsteel.jpg','A young boy learns that he has extraordinary powers and is not of this earth. As a young man, he journeys to discover where he came from and what he was sent here to do. But the hero in him must emerge if he is to save the world from annihilation and become the symbol of hope for all mankind.'),('002','David Robert Mitchell','David Robert Mitchell','$8,500,000','assets/images/underthesilverlake.jpg','Sam, intelligent but without purpose, finds a mysterious woman swimming in his apartment\'s pool one night. The next morning, she disappears. Sam sets off across LA to find her, and along the way he uncovers a conspiracy far more bizarre.'),('003','Clint Eastwood','Sam Dolnick, Nick Schenk','N/A','assets/images/themule.jpg','A 90-year-old horticulturist and WWII veteran is caught transporting $3 million worth of cocaine through Michigan for a Mexican drug cartel.'),('004','Nathan Greno, Byron Howard','Dan Fogelman, Jacob Grimm ','$260,000,000','assets/images/tangled.jpg','The magically long-haired Rapunzel has spent her entire life in a tower, but now that a runaway thief has stumbled upon her, she is about to discover the world for the first time, and who she really is.'),('005','Frank Darabont','Stephen King, Frank Darabont','$25,000,000','assets/images/shawshank.jpg','Framed in the 1940s for the double murder of his wife and her lover, upstanding banker Andy Dufresne begins a new life at the Shawshank prison, where he puts his accounting skills to work for an amoral warden. During his long stretch in prison, Dufresne comes to be admired by the other inmates -- including an older prisoner named Red -- for his integrity and unquenchable sense of hope.'),('006','Steven Spielberg','Thomas Keneally, Steven Zaillian','$22,000,000','assets/images/schindler.jpg','In German-occupied Poland during World War II, Oskar Schindler gradually becomes concerned for his Jewish workforce after witnessing their persecution by the Nazi Germans'),('007','Francis Ford Coppola','Francis Ford Coppola, Mario Puzo','$6,000,000','assets/images/godfather.jpg','Spanning the years 1945 to 1955, a chronicle of the fictional Italian-American Corleone crime family. When organized crime family patriarch, Vito Corleone barely survives an attempt on his life, his youngest son, Michael steps in to take care of the would-be killers, launching a campaign of bloody revenge.'),('008','Christopher Nolan','Jonathan Nolan, Christopher Nolan','$185,000,000','assets/images/darkknight.jpg','Batman raises the stakes in his war on crime. With the help of Lt. Jim Gordon and District Attorney Harvey Dent, Batman sets out to dismantle the remaining criminal organizations that plague the streets. The partnership proves to be effective, but they soon find themselves prey to a reign of chaos unleashed by a rising criminal mastermind known to the terrified citizens of Gotham as the Joker.'),('009','George Tillman Jr.','Audrey Wells, Angie Thomaw','$512,035','assets/images/hateugive.jpg','Starr witnesses the fatal shooting of her childhood best friend Khalil at the hands of a police officer. Now, facing pressure from all sides of the community, Starr must find her voice and stand up for what\'s right.'),('010','Ari Sandel','Rob Lieber','$35,000,000','assets/images/goosebumps2.jpg','Two boys face an onslaught from witches, monsters, ghouls and a talking dummy after they discover a mysterious book by author R.?L. Stine.'),('011','Jacques Audiard','Jacques Audiard,  Thomas Bidegain ','$950,000','assets/images/sisbro.jpg','The colourfully named gold prospector Hermann Kermit Warm is being pursued across 1,000 miles of 1850s Oregon desert to San Francisco by the notorious assassins Eli and Charlie Sisters. Except Eli is having a personal crisis and beginning to doubt the longevity of his chosen career. And Hermann might have a better offer.'),('012','Anthony Russo, Joe Russo','Christopher Markus, Stephen McFeely','$321,000,000','assets/images/avengers2018.jpg','As the Avengers and their allies have continued to protect the world from threats too large for any one hero to handle, a new danger has emerged from the cosmic shadows: Thanos. A despot of intergalactic infamy, his goal is to collect all six Infinity Stones, artifacts of unimaginable power, and use them to inflict his twisted will on all of reality. Everything the Avengers have fought for has led up to this moment - the fate of Earth and existence itself has never been more uncertain.'),('013','James Wan','David Leslie Johnson-McGoldrick, Will Beall ','$160,000,000','assets/images/aquaman.jpg','The film reveals the origin story of half-human, half-Atlantean Arthur Curry and takes him on the journey of his lifetime - one that will not only force him to face who he really is, but to discover if he is worthy of who he was born to be...a king.'),('014','Corin Hardy','Gary Dauberman, James Wan','$22,000,000','assets/images/thenun.jpg','When a young nun at a cloistered abbey in Romania takes her own life, a priest with a haunted past and a novitiate on the threshold of her final vows are sent by the Vatican to investigate. Together they uncover the order\'s unholy secret. Risking not only their lives but their faith and their very souls, they confront a malevolent force in the form of the same demonic nun that first terrorized audiences in \"The Conjuring 2\" as the abbey becomes a horrific battleground between the living and the damned.'),('015','Joel Schumacher','Bob Kane, Akiva Goldsman','$125,000,000 ','assets/images/batmanrobin.jpg','Along with crime-fighting partner Robin and new recruit Batgirl, Batman battles the dual threat of frosty genius Mr. Freeze and homicidal horticulturalist Poison Ivy. Freeze plans to put Gotham City on ice, while Ivy tries to drive a wedge between the dynamic duo.'),('016','Ridley Scott','Dan O\'Bannon, Ronald Shusett','$11,000,000','assets/images/alien.jpg','During its return to the earth, commercial spaceship Nostromo intercepts a distress signal from a distant planet. When a three-member team of the crew discovers a chamber containing thousands of eggs on the planet, a creature inside one of the eggs attacks an explorer. The entire crew is unaware of the impending nightmare set to descend upon them when the alien parasite planted inside its unfortunate host is birthed.'),('017','David Yates','Michael Goldenberg, J.K. Rowling','$150,000,000','assets/images/harrypotterphoenix.jpg','Returning for his fifth year of study at Hogwarts, Harry is stunned to find that his warnings about the return of Lord Voldemort have been ignored. Left with no choice, Harry takes matters into his own hands, training a small group of students - dubbed \'Dumbledore\'s Army\' - to defend themselves against the dark arts.'),('018','David Fincher','Steven Zaillian, Stieg Larsson ','$90,000,000','assets/images/girldragontattoo.jpg','This English-language adaptation of the Swedish novel by Stieg Larsson follows a disgraced journalist, Mikael Blomkvist, as he investigates the disappearance of a weary patriarch\'s niece from 40 years ago. He is aided by the pierced, tattooed, punk computer hacker named Lisbeth Salander. As they work together in the investigation, Blomkvist and Salander uncover immense corruption beyond anything they have ever imagined.');
/*!40000 ALTER TABLE `movie_meta` ENABLE KEYS */;
UNLOCK TABLES;

--
-- Table structure for table `user`
--

DROP TABLE IF EXISTS `user`;
/*!40101 SET @saved_cs_client     = @@character_set_client */;
/*!40101 SET character_set_client = utf8 */;
CREATE TABLE `user` (
  `user_id` int(5) unsigned zerofill NOT NULL AUTO_INCREMENT,
  `email` varchar(45) NOT NULL,
  `fname` varchar(45) NOT NULL,
  `lname` varchar(45) NOT NULL,
  `gender` varchar(6) DEFAULT NULL,
  `password` varchar(25) NOT NULL,
  `country` varchar(25) DEFAULT NULL,
  PRIMARY KEY (`user_id`),
  UNIQUE KEY `email_UNIQUE` (`email`)
) ENGINE=InnoDB AUTO_INCREMENT=15 DEFAULT CHARSET=latin1;
/*!40101 SET character_set_client = @saved_cs_client */;

--
-- Dumping data for table `user`
--

LOCK TABLES `user` WRITE;
/*!40000 ALTER TABLE `user` DISABLE KEYS */;
INSERT INTO `user` VALUES (00001,'amberramesh@gmail.com','Amber','Ramesh','Male','ikem3151','India'),(00002,'dparveez.dp@gmail.com','Danice','Parker','Female','dannypz97','India'),(00003,'johndoe@gmail.com','John','Doe','Male','thisnameisusedtoooften','United Kingdom'),(00004,'janedoe@gmail.com','Jane','Doe','Female','notjohnswife','United States'),(00005,'x@x','xaa9','xi','Female','x','India'),(00013,'yax@x ','yaaaaa','yaad','Male','y','Others'),(00014,'z','z','z','GTX208','z','India');
/*!40000 ALTER TABLE `user` ENABLE KEYS */;
UNLOCK TABLES;

--
-- Table structure for table `user_feedback`
--

DROP TABLE IF EXISTS `user_feedback`;
/*!40101 SET @saved_cs_client     = @@character_set_client */;
/*!40101 SET character_set_client = utf8 */;
CREATE TABLE `user_feedback` (
  `user_id` int(5) unsigned zerofill NOT NULL,
  `movie_id` varchar(45) NOT NULL,
  `rating` decimal(3,1) NOT NULL,
  `review` text,
  `date` date NOT NULL,
  PRIMARY KEY (`user_id`,`movie_id`)
) ENGINE=InnoDB DEFAULT CHARSET=latin1;
/*!40101 SET character_set_client = @saved_cs_client */;

--
-- Dumping data for table `user_feedback`
--

LOCK TABLES `user_feedback` WRITE;
/*!40000 ALTER TABLE `user_feedback` DISABLE KEYS */;
INSERT INTO `user_feedback` VALUES (00001,'001',8.5,'Jack Snyder\'s fresh take on Superman/Man of Steel is... fresh indeed. A superhero movie that maxes visual wizardry but beautifully balanced by emotional tones without feeling heavy. Gone is the sleek metal and crystal polish we have known replaced by a techno- organic theme (reminds me of Prometheus) that is both regal and advanced. This is perhaps the only Superman film with the best narrative of the Kryptonian\'s heritage and history. Good casting and an impressive performance by Russell Crowe. I give it an 8.5/10 (just behind Dark Knight Rises IMHO). The Dad in me deems this movie watchable by kids (more age-appropriate, less violent than Iron Man 3)','2013-11-11'),(00001,'004',8.0,'I was apprehensive, to say the least, when I went to see Tangled, after the disappointment that was Princess and the Frog. First, Disney\'s back with CGI animation, which hasn\'t really worked that great except, maybe to some extent, Bolt. Second, the trailers made it look really slapstick -- I\'m rather wary of today\'s animation features that try too hard to be hip and fast-paced and silly.','2010-11-25'),(00001,'005',10.0,'This movie is not your ordinary Hollywood flick. It has a great and deep message. This movie has a foundation and just kept on being built on from their and that foundation is hope.','2008-10-10'),(00001,'006',10.0,'We have all see movies, comedies, action and dramas. We all liked ones, hated others, got into some other even and felt like part of it. In Shawshank Redemption; you start slowly, after a while you get attached, by the time you reach the middle of the movie you simply totally forget about anything outside the screen and feel a mixed stream of emotions going through you head before anything else! then comes a last 20 minutes of heart storming that is surely enough to raise the adrenaline to extreme levels even in diabetics! I felt warm, strong, happy and all other emotions one can think of, I felt I was the one who won, who got out of prison, i was simply fully satisfied.','2004-03-09'),(00001,'007',10.0,'The godfather trilogy is an exclusive set of movies that will continue to live with humanity, every generation will see them to say, \"Oh that was 10 out of 10.\" If you watch them you will know that the world that lives inside the underworld is same as the one we live in except that people in underworld are so smart, in fact smartness is the only thing that can keep them there. Don Vito Caroleone\'s early life shown in part-II is very well done to show the Don in making, how a kid who couldn\'t even tell his name went on becoming a underworld don who keep most senators, judges and lawyers in his pocket. Meeting of don with the so call five families are among most impressive scenes.','2005-08-04'),(00001,'008',9.5,'We\'ve been subjected to enormous amounts of hype and marketing for the Dark Knight. We\'ve seen Joker scavenger hunts and one of the largest viral campaigns in advertising history and it culminates with the actual release of the movie.','2008-07-28'),(00001,'009',1.0,'Horrible movie. Exploiting the issue in our country....not entertainment. Not reality.','2018-10-30'),(00001,'010',8.0,'A solid film, well placed jokes, good scares for the kids, an ok story, CGI was on par for today\'s standards, would recommend this movie to friends and family','2018-10-29'),(00001,'011',6.0,'I was looking foward to the crossover movie of Joaquin Phoenix and Jake Gyllenhaal where they prove to not just be the same person this whole time, and i would be lying if I said it didn\'t deliver in that regard. But this movie... was just okay. The performances all around were stellar, with Gyllenhaal and Joaquin completely getting lost in their roles. John C. Riley was good... half of the time, the other half was just Steve Brule in a cowboy hat. Throughout the movie i just kept thinking to myself, \"so when are we gonna start wrapping up?\" That\'s not a good sign. Don\'t get me wrong - where this movie goes and each scene in of itself is pretty good, the film just lacks real momentum. The film doesn\'t really go anywhere, which would be fine if there was a central theme for the spiraling story. But The ending was kinda poop, so that doesn\'t help. I enjoyed watching it and the directions it took, but it never felt complete to me. Everything about this movie (except the exceptional performances) were just fine. Go see if you want an enjoyable and unpredictable western with good performances, but if you\'re hoping for this movie to prove itself as a treasure of cinema, you\'ll be sadly mistaken. 6/10','2018-09-30'),(00001,'012',9.0,'I was amazed to see so many negative reviews; so many people are impossible to please. This movie was 2 1/2 hours long, but I could have sat there another 2 1/2 hours and not noticed. Thoroughly entertaining, and I love how the directors weren\'t afraid to take chances. I\'ve read a lot of other user reviews that claim that there\'s no plot. Unless you\'re mentally handicapped or not paying attention because you\'re on your phone the entire movie, the plot is pretty clear, and decent in my opinion.','2018-04-03'),(00001,'014',2.0,'This film is OBVIOUSLY missing the James Wan touch that we loved in the conjuring universe films. Even when Wan used jump scares , it worked bc the atmosphere was tense and creepy . In \"The Nun\" they\'re overly planted everywhere in the movie to make up for the fact that the director couldn\'t keep the audience captivated any other way.\r\n\r\nThe plot is basic to say the least, it\'s almost like they just threw it together in 5 minutes to make up a back story for The Nun. The film had so much potential to give the audience a interesting creepy back story to one of the conjuring\'s iconic villains. Instead we\'re saturated with filler for the 1st and 2nd act , and FINALLY get something going on the final act . Up until then it\'s nothing but jump scare city . So if that\'s up your alley for horror movies then you\'ll love this . I personally think the brief amount of time The Nun was in the Conjuring 2 was 100000x better than this full length film.\r\n\r\nThey also tried to go with this new trend of adding some comedy into a horror film and it\'s just badly placed and awkward . The acting is okay . Taissa Farmiga & Demien Bichir are the main characters and give pretty good performances. \r\n\r\nAnyway, Overall this movie could\'ve gone straight to DVD or Netflix . Don\'t think it deserved to hit the big screen if it wasn\'t going to be directed by Wan . There\'s some creepy/scary enjoyable moments but overall it\'s very cliche and downright boring at times. Watch when you\'re at home on a rainy day with nothing do. Don\'t waste ur money like i did','2018-11-05'),(00001,'015',1.0,'I lost so many brain cells watching this thrash. No one should have to sit through such an ordeal.','2018-11-05'),(00001,'016',7.5,'This is one of the finest science fiction films ever made. Everything is so carefully and expertly constructed to the point that repeated viewings are just as good as the first. Also, the atmosphere, along with the amazing sets, is real shocker and few movies have managed to create the same kind eerie feeling.\r\n\r\nThe story starts with the crew of the cargo vessel \"Nostromo\" waking up before schedule. They soon realize their on-board computer has detected life on a nearby planet and they go to investigate. One of them unwillingly brings back an...ALIEN (!) which soon becomes a very unwanted passenger. The introduction of the title creature in the famous chest-burster scene is a real jolter. Especially if you watch it after dinner.\r\n\r\nThe music, too, must be mentioned and it moves the story along with unrelenting terror. However, the lack of music, in certain scenes, works just as well and this combination makes for one of the best musical montages to be put on film.\r\n\r\nThis is a classic film that spawned a series, which is good overall, and a bunch of copycats, many of which are just sad. \"Alien\" came first and it is easily one the best. 10/10','2018-11-07'),(00001,'017',6.5,'I\'ve been eagerly awaiting this episode, thinking it was going to be much more action-packed or incorporating some of the more juicy bits of narrative from the over-800 page book. I ought to have known going in that, at 2:18 running time, the movie was too short. Even considering the tweaking that needed to be done to incorporate information differently than the book presents it (like by-passing the house elves storyline), at least a half-hour more could\'ve been left in to really build up the story. The scenes we do see are well acted, there are obvious clues alluding to the final installment, and the special effects are dazzling. But one leaves the theater breathless and disoriented as if one ate a rich meal too quickly. Especially exasperating considering we had to sit through 20 minutes of TV commercials and coming attractions--I would\'ve paid extra to see another 20 minutes of movie instead.','2018-11-07'),(00001,'018',8.0,'After the announcement that The Girl with the Dragon Tattoo was getting an English-language film treatment, I decided that the hype had built up to a point where I just had to read the source material for myself. Though it is not without flaws, Dragon Tattoo is an excellent story with the important mission of raising awareness concerning violence against women. Mere days after finishing the book I watched the Swedish film. The hype train had me excited for an outstanding thriller. \r\n\r\nThe hype train let me down.\r\n\r\nI was left cold and somewhat irritated by the Swedish adaptation. A ton of important plot elements were left out, some were inexplicably added (Blomkvist\'s memories of the island became far too important and contrived), and Rapace felt all wrong as Lisbeth. She was brilliant and violent, but lacked the quiet pensiveness of the original character. She did not come off as autistic and emotionally disturbed, just bratty and rude. Worst of all, I was constantly confused by the extremely rushed, strange new take on the story. \r\n\r\nAs a lover of foreign films, I normally grind my teeth when I hear that America is developing a remake. However, I found myself desperate for this one. I needed a movie that actually gave me the experience of reading the book for the first time, that made me care for Lisbeth and that truly disturbed me. Thankfully, the American adaptation (not a remake) delivered exactly what I was looking for. Those who say this version is unnecessary or a rehash must have seen a very different Swedish Girl with the Dragon Tattoo than I saw. The American take is jam-packed with scenes that were either skimmed or completely left out of the Swedish version. Yet, despite being more robust, the English- language Dragon Tattoo is incredibly paced, feeling less rushed yet hitting all the important plot points. The characters have time to develop and grow on you, the clue-finding makes more sense, and the killer is more horrifying. Screenwriter Zaillian knows exactly what to leave out and what to change (though the ending, which mirrors the book\'s ending, could have been arranged better). Craig, Mara, and even Plummer are spot-on in their roles and feel more fleshed-out as characters. Mara, in particular, inhabits Larsson\'s Lisbeth in a way Rapace did not. She captures Lisbeth\'s silent, borderline-autistic nature perfectly. Her fragile body and alien appearance even match the book\'s description. She allows herself to be vulnerable, but clearly regrets it over time. It\'s a captivating performance.\r\n\r\nIf someone were to ask me, personally, which version to see, I would have to say without hesitation that this is the rare occasion where the American adaptation is superior. I did not think it was possible to stay so true to the story under three hours.','2018-11-07'),(00002,'001',7.5,'I really enjoyed this movie. I am a big fan of action and superhero movies, and this did not disappoint. First of all I thought they did a great job on casting Superman. Henry Cavill fits the role perfectly. I liked the supporting cast, except thought they could have done better with Lois Lane. The plot starts out with Superman (Kal-El) being born, and quickly jumps into him being in his 20\'s and saving people. They show some of his growing up, through flashbacks but I wish they would have done more of this. You don\'t have to see any previous Superman movies to see this one, you get the whole back story. There was a ton of good action scenes, almost too much I thought. Plot was pretty good, but also pretty predictable. I saw the 3-D version, and I am not a big fan of 3-D. While this movie did not give me a headache, like \'The Hobbit\', I didn\'t think the 3-D added that much, and I would recommend seeing the 2-D version! Overall I gave it a 9/10. Good action, fun, entertaining movie.','2013-09-10'),(00002,'004',7.5,'I will start by saying that I am a 62 year old grandfather of three (9, 8, and 5) who has no connection to Disney in any way. I took the grandkids today to see this movie and they loved it, as did I. The 3D is worth going to. There is enough silliness, adventure, and romance to allow boys and girls of almost all ages to love this show. There were some funny lines in the show that kids would not understand, but adults would enjoy. I heard a gentleman laughing throughout the whole show. I am not around teenagers, so I am not sure how a teenager would respond to this show. The storyline was different but predictable. That should not discourage anyone from going to this show. I would rate it as one of the best, if not the best animation show I have ever seen. This show is a winner as a family show.','2010-11-24'),(00002,'005',9.0,'Can Hollywood, usually creating things for entertainment purposes only, create art? To create something of this nature, a director must approach it in a most meticulous manner, due to the delicacy of the process. Such a daunting task requires an extremely capable artist with an undeniable managerial capacity and an acutely developed awareness of each element of art in their films, the most prominent; music, visuals, script, and acting. These elements, each equally important, must succeed independently, yet still form a harmonious union, because this mixture determines the fate of the artist\'s opus. Though already well known amongst his colleagues for his notable skills at writing and directing, Frank Darabont emerges with his feature film directorial debut, The Shawshank Redemption. Proving himself already a master of the craft, Darabont managed to create one of the most recognizable independent releases in the history of Hollywood. The Shawshank Redemption defines a genre, defies the odds, compels the emotions, and brings an era of artistically influential films back to Hollywood.','2008-11-05'),(00002,'006',8.5,'Schindler\'s List is undoubtedly the best Holocaust film ever made. There just isn\'t anything like this film. Various other films have tried to show the true horrors of the Holocaust, but none of them succeeded the way that Schindler\'s List did. Schindler\'s List is a difficult film to watch. When you see the true atrocities of the Holocaust, your jaw drops. When you see the pain that all of the innocent people were going through, the only thing you can do is cry. The true goal of all Holocaust films is to make you feel sorrowful, and Schindler\'s List did that to me. If you want to see the best depiction of the Holocaust, make your way towards Schindler\'s List.','2005-07-27'),(00002,'007',10.0,'I love this movie and all of the GF movies. I see something new every time I have seen it (countless, truly). The story of tragedy and (little) comedy that exists in this film is easily understood by people all over the world. This film has been called an American story however I have met others who have seen this movie in other languages and they seem to have the same love and appreciation for it that I do. I love the characters and all of the different personalities that they represent not just in families but in society itself. It seems like the entire cast is part of every other movie that I love as well. The sounds, music, color and light in the film are just as much a part of the film as the people. This could be attributed to the method in which it was filmed. At many parts of the film I can still find myself feeling the emotions conveyed in the film. I never tire of appreciating this film. I thank God that FFC is an American treasure. We are fortunate to have him.','2005-06-02'),(00002,'008',9.0,'Im just gonna start off by saying I LOVE this movie.Its one of my favorites of all time. I honestly cant think of too much wrong with this movie other than its a little long and Batmans by now infamous voice. But everything else is top notch. The acting,story,atmosphere,and actions scenes are all amazing. If you haven\'t seen this movie see it right now! I went into this not expecting to much but I came out blown away, I cant imagine any movie being much better. I\'ll just have to wait for The Dark Knight Rises to release to see if anything can be better. Until then, this stands as the best movie I\'ve ever seen','2008-07-26'),(00002,'009',3.0,'This was less of a movie more of a political rant, at the heart of it lay a black community riddled by a societal lack of opportunity, violent gangs, drug culture and endemic gun use.','2018-10-30'),(00002,'010',6.0,'The original Goosebumps movie took me by surprise when it came out in 2015. It had fun likable characters and a great villain in Slappy the evil dummy. ','2018-10-29'),(00002,'012',8.5,'This movie has made me feel things that I haven\'t about a movie in a very long time. If you are anything like me you will definitely feel a sense of \"everything is gonna be alright\" because of the generous sprinkling of light humour that makes the situation feel less serious than it actually is. The emotional roller coaster that begins right at the beginning of the movie to the very end has you feeling more and more frustrated and on edge as it goes on. Don\'t get me wrong this movie is absolutely stunning and amazing and a cliffhanger at the end has you wanting more and more. I\'m definitely very excited to see how this storyline will carry out in the next Avengers movie.','2018-04-03'),(00002,'014',5.0,'Was there a plot? Nun. Were there any scares? Nun. Any good acting? Nun. Any reason to go see this movie? Nun.\r\n\r\n','2018-11-05'),(00002,'015',2.0,'I\'d rate this movie a 0 if I could. George Clooney was this movie\'s saving grace and that\'s why I give it a difficult 2.','2018-11-05'),(00002,'016',8.0,'The beginning of one of the greatest series of all time. This film will always remain a classic. It\'s scary, influential and insanely entertaining. Not just that but Ridley Scott actually has a great sense of style and mood and he plays with that a lot, to make us shiver. There\'s also an interesting mystery surrounding the Alien which we know practically nothing about. Sigourney Weaver is just as powerful as usual and really brings strength to the film; they make one. Last but not least, the musical score. Wow! It\'s fantastic. I think the Alien series is known for that aspect as well. Let\'s hope they\'ll continue the series and dang we need it all on DVD !','2018-11-07'),(00002,'017',8.5,'Once again, I believe that the series is only getting better with each progressive movie. I attended a preview screening tonight and was completely blown away by the movie. While quite a bit of detail was lost in the movie, how can you really expect a three hour movie to capture what takes Rowling hundreds of pages to explain? This said, Yates did a great job capturing the spirit of the book, and he had me on my seat from the first scene all the way through the end of the movie. I cried, I laughed, and I am pretty sure there were a few times where I couldn\'t breathe from the tension.\r\n\r\nWhat really made the movie for me was the talent of the actors. As expected, the older cast members deliver some of the best acting England has to offer. Sidenote: there is something about Emma Thompson where every time she cries in a movie, I start tearing up myself. I was especially impressed with how much Daniel, Emma (Watson), and Rupert have improved their acting since the last movie. Having come from seeing Daniel in Equus two weeks ago, I was expecting a lot from him. Even after seeing him display more intensity than I thought possible on stage, he surprised me in Phoenix. His emotions were so raw and genuine that I literally got goosebumps.\r\n\r\nWell done to the cast and crew! I can\'t wait for the next one!!','2018-11-07'),(00002,'018',9.0,'I liked both the Swedish version and the US version...I think both are great in their own right. Mara and Craig bring a very interesting chemistry to this version that I really enjoyed. The noir-esque feel of the film is really cool. The soundtrack is killer (Trent Reznor)! Worth a watch if you haven\'t seen it already','2018-11-07'),(00003,'004',7.5,'Honestly, when is the last time you saw a decent Disney Animated feature? No no, PIXAR does not count. I\'m talking about just a regular ol\' straight laced Disney flick. If your like me, I\'m sure your answer falls somewhere in the mid 90\'s. But isn\'t that a shame? What happened to the totally awesome Disney movies? If your excuse is because of technology, i assure you that your wrong. You can make a great animated movie without resorting to actual hand drawn art. But where is that old feeling we all use to share? Well i can tell you this much....i already knew that Disney had something special here, mainly because the VP of PIXAR jumped ship and decided to fund this project. The first time anyone from PIXAR has ever done so, let alone the freakin VP. So needless to say, Disney finally had enough, and pulled out all the stops for this one.','2010-11-24'),(00003,'005',10.0,'I\'m trying to save you money; this is the last film title that you should consider borrowing. Renting Shawshank will cost you five bucks... just plunk down the $25 and own the title. You\'ll wind up going back to this gem time and time again. This is one of few movies that are truly timeless. And it\'s entertaining and moving, no matter how many times you view it','2008-11-11'),(00003,'006',9.5,'It had the sort of power you\'d expect from Spielberg, the soundtrack is amazing, of course, and it actually contained many clever things as well. ','2004-04-16'),(00003,'008',10.0,'Dark, yes, complex, ambitious. Christopher Nolan and his co-writer Jonathan Nolan deserve a standing ovation. I don\'t usually go for loud movies filled with mindless gore and violence. \"The Dark Knight\" is certainly loud and violent but it\'s not mindless. It has depth and soul. Even the Joker, in an extraordinary creation by Heath Ledger, is deeply human. The natural petulance of Christian Bale makes his ego and alter ego the most fascinating and complex of all film superheroes. Part of the genius of this movie is that Batman himself, in screen time, is not really the lead. My attention was captivated by Heath Ledger and he determines and inspires the breathtaking atmosphere that envelopes Gotham as well as us. The aplomb of Christopher Nolan as a director is mind blowing and his secret, I believe, is his obvious respect for his audience. What he\'s done is to elevate a popular genre into Shakesperean proportions. Bravo!','2008-08-26'),(00003,'009',9.0,'I Just saw a secret screening of this movie , I didn\'t know it was going to be this film , so I had no expectations and went in with a clear mind. All I can say is wow, you will be taken on a ride on all different emotions and come out the cinema feeling touched. This movie is not a huge blockbuster and not alot people will know how about it but people should know about it and it\'s a movie everyone should see!','2018-10-25'),(00003,'012',7.0,'Film was entertaining, ive watched all marvel movies multiple times. This film is great fun but is far to rushed, of cause with so many characters involved was always going to be a tough one to do, part 2 may improve it.','2018-04-04'),(00003,'016',7.0,'Back in early 20th century, Lumière brothers didn\'t have a clue of what they were playing with. I\'m freaking sure that if somebody could have magically told them that thanks to their work, a movie like \'Alien\' would have been made in the future, they both would have died of a sudden, shocked by the consequences of their labor, like an honest scientist would if he was shown an evil use of his research. In that sense, but in the best way imaginable, \'Alien\' is the atomic bomb.\r\n\r\nIn my opinion, \'Alien\' is the only perfect movie in the history of cinema. Of course, this could be debatable, but of all the films I\'ve watched since I was born, this is the only one in which I haven\'t been able to find the slightest flaw. It gets a golden ten out of ten. Bright, solid and massive.','2018-11-07'),(00003,'017',8.0,'I actually was lucky enough to see this at a sneak preview on Monday. The \"experience\" was lousy, but the film was good...IF you take it as a separate entity from the series of books. If you separate the film from the book, you won\'t be disappointed.\r\n\r\nFor the negative...there were, of course, MANY things that were omitted from the film. As a huge fan of the books, I still must be realistic. I knew there would be a lot of information left out. There were a few things that I felt could have made the story richer if they had been included, but I won\'t go into detail so I don\'t give away any of the film\'s changes. There were a few changes that made me frown at times, but as the story played out, it did make the film flow well. One of their worst casting decisions, Michael Gambon, was actually tolerable in this one, for the most part. I am NOT a fan of his portrayal of Dumbledore, but I guess he worked for this film simply because, for the majority of the story, he is supposed to be acting somewhat aloof towards Harry. That worked for him. I miss the subtlety that Richard Harris brought to that role, and, while he wasn\'t dreadful in this one, I still believe that there are countless other well known actors in the UK that could have done this role better justice. There wasn\'t enough Molly or Hagrid for me though. I love both of those characters.\r\n\r\nOn a positive note, the special effects were very well done. The thestrals were marvelous--eerie, but strangely peaceful creatures. Evanna Lynch could not have been more spot on as Luna. Her voice, mannerisms and demeanor were amazing. My only complaint about her was that she wasn\'t on screen enough. :o) Imelda Staunton, as Umbridge, and Helena Bonham Carter, as Bella, have to be two of the BEST casting decisions that they have with regard to these films. They were SO incredible. I was actually quite impressed with Dan, Rupert and Emma as well. They have come quite far in their acting abilities. They have finally achieved the art of saying a lot without necessarily opening their mouths. The scene in the common room following the kiss between Harry and Cho was hysterical. Kreacher and Grawp were great additions to the films. Fred and George\'s exit was very well done, albeit slightly different. The film, if taken by itself, was really good. Unfortunately, it\'s a lot different from the book. But, as I\'m doing a film review and not a comparison, I\'ll give it 8 out of 10, because I was highly entertained.\r\n\r\nOur \"sneak preview\" was interrupted in the middle due to a problem with the film, and I think we still missed some of it. We lined up 3 hours before the movie was supposed to begin, it started late, it was interrupted in the middle for over 30 minutes, we were wanded for metal and electronics every time we went in or out...I think we\'ll just wait until opening week next time. It\'s crowded, but a lot less trouble.\r\n\r\nWe are actually going to see it again.','2018-11-07'),(00004,'012',1.0,'This movie was litterly the same as the avengers and civil war. Nothing new here except that the hype is getting stronger??? By rules of nature hype must die down over time but marvel fanboys want more bad movies? Disney\'s board of director\'s and their shareholders are laughing their ass off. They acquire the rights of a universe with some superheroes en then they release 5 superhero movies a year that are complete and utter trash but its fanbase will love it no matter wat. now a cgi war movie (were we all now how of how it will end, it doesn\'t becouse Disney will keep spitting out these movies until marvel fanboys stop going to these trash movies.) Is considerd better than movies like Silence of the Lambs, Se7en, forrest gump and Leon??? Well if this is the case than i will leave this site and never come back becouse i use this site to see if a movie is worth seeing. But if a crap movie like this is considerd to be as good as THE GODFATHER!!! then i can no longer trust this site and will de-recommend it to everyone that wants to use it for the same purpose as i did.','2018-04-05');
/*!40000 ALTER TABLE `user_feedback` ENABLE KEYS */;
UNLOCK TABLES;

--
-- Temporary view structure for view `v_user_reviews`
--

DROP TABLE IF EXISTS `v_user_reviews`;
/*!50001 DROP VIEW IF EXISTS `v_user_reviews`*/;
SET @saved_cs_client     = @@character_set_client;
SET character_set_client = utf8;
/*!50001 CREATE VIEW `v_user_reviews` AS SELECT 
 1 AS `movie_id`,
 1 AS `title`,
 1 AS `rating`,
 1 AS `review`,
 1 AS `date`,
 1 AS `user_id`*/;
SET character_set_client = @saved_cs_client;

--
-- Final view structure for view `v_user_reviews`
--

/*!50001 DROP VIEW IF EXISTS `v_user_reviews`*/;
/*!50001 SET @saved_cs_client          = @@character_set_client */;
/*!50001 SET @saved_cs_results         = @@character_set_results */;
/*!50001 SET @saved_col_connection     = @@collation_connection */;
/*!50001 SET character_set_client      = utf8 */;
/*!50001 SET character_set_results     = utf8 */;
/*!50001 SET collation_connection      = utf8_general_ci */;
/*!50001 CREATE ALGORITHM=UNDEFINED */
/*!50013 DEFINER=`root`@`localhost` SQL SECURITY DEFINER */
/*!50001 VIEW `v_user_reviews` AS select `m`.`movie_id` AS `movie_id`,`m`.`title` AS `title`,`uf`.`rating` AS `rating`,`uf`.`review` AS `review`,`uf`.`date` AS `date`,`uf`.`user_id` AS `user_id` from (`user_feedback` `uf` join `movie` `m` on((`uf`.`movie_id` = `m`.`movie_id`))) */;
/*!50001 SET character_set_client      = @saved_cs_client */;
/*!50001 SET character_set_results     = @saved_cs_results */;
/*!50001 SET collation_connection      = @saved_col_connection */;
/*!40103 SET TIME_ZONE=@OLD_TIME_ZONE */;

/*!40101 SET SQL_MODE=@OLD_SQL_MODE */;
/*!40014 SET FOREIGN_KEY_CHECKS=@OLD_FOREIGN_KEY_CHECKS */;
/*!40014 SET UNIQUE_CHECKS=@OLD_UNIQUE_CHECKS */;
/*!40101 SET CHARACTER_SET_CLIENT=@OLD_CHARACTER_SET_CLIENT */;
/*!40101 SET CHARACTER_SET_RESULTS=@OLD_CHARACTER_SET_RESULTS */;
/*!40101 SET COLLATION_CONNECTION=@OLD_COLLATION_CONNECTION */;
/*!40111 SET SQL_NOTES=@OLD_SQL_NOTES */;

-- Dump completed on 2018-12-03  9:03:30
